Wood,Gas,Chemicals,Bricks,Iron,Oil
-0.00043006252963095903,12.820087432861328,91.8705825805664,0.16523008048534393,0.17614774405956268,8.545440673828125
